,name,model,seed,TN,FP,FN,TP,Accuracy,AUC,Sensitivity,Specificity,PPV,NPV,F1,MCC
0,xgboost_seed_0_skf_1_paras_151_lr_0.01_n_900_depth_7_subsample_0.8_scale_pos_weight_6,xgboost,0_skf_1,488,15,21,36,0.936,0.946,0.632,0.97,0.706,0.959,0.667,0.632
1,xgboost_seed_0_skf_2_paras_151_lr_0.01_n_900_depth_7_subsample_0.8_scale_pos_weight_6,xgboost,0_skf_2,492,11,24,33,0.938,0.949,0.579,0.978,0.75,0.953,0.653,0.626
2,xgboost_seed_0_skf_4_paras_151_lr_0.01_n_900_depth_7_subsample_0.8_scale_pos_weight_6,xgboost,0_skf_4,491,12,24,33,0.936,0.935,0.579,0.976,0.733,0.953,0.647,0.617
3,xgboost_seed_1_skf_0_paras_151_lr_0.01_n_900_depth_7_subsample_0.8_scale_pos_weight_6,xgboost,1_skf_0,493,10,23,34,0.941,0.946,0.596,0.98,0.773,0.955,0.673,0.648
4,xgboost_seed_1_skf_1_paras_151_lr_0.01_n_900_depth_7_subsample_0.8_scale_pos_weight_6,xgboost,1_skf_1,489,14,24,33,0.932,0.94,0.579,0.972,0.702,0.953,0.635,0.601
5,xgboost_seed_1_skf_3_paras_151_lr_0.01_n_900_depth_7_subsample_0.8_scale_pos_weight_6,xgboost,1_skf_3,489,14,21,36,0.938,0.949,0.632,0.972,0.72,0.959,0.673,0.64
6,xgboost_seed_1_skf_4_paras_151_lr_0.01_n_900_depth_7_subsample_0.8_scale_pos_weight_6,xgboost,1_skf_4,487,16,24,33,0.929,0.948,0.579,0.968,0.673,0.953,0.623,0.585
7,xgboost_seed_2_skf_0_paras_151_lr_0.01_n_900_depth_7_subsample_0.8_scale_pos_weight_6,xgboost,2_skf_0,490,13,23,34,0.936,0.938,0.596,0.974,0.723,0.955,0.654,0.622
8,xgboost_seed_2_skf_3_paras_151_lr_0.01_n_900_depth_7_subsample_0.8_scale_pos_weight_6,xgboost,2_skf_3,489,14,20,37,0.939,0.941,0.649,0.972,0.725,0.961,0.685,0.653
9,xgboost_seed_2_skf_4_paras_151_lr_0.01_n_900_depth_7_subsample_0.8_scale_pos_weight_6,xgboost,2_skf_4,489,14,24,33,0.932,0.95,0.579,0.972,0.702,0.953,0.635,0.601
10,xgboost_seed_3_skf_0_paras_151_lr_0.01_n_900_depth_7_subsample_0.8_scale_pos_weight_6,xgboost,3_skf_0,491,12,24,33,0.936,0.942,0.579,0.976,0.733,0.953,0.647,0.617
11,xgboost_seed_3_skf_2_paras_151_lr_0.01_n_900_depth_7_subsample_0.8_scale_pos_weight_6,xgboost,3_skf_2,490,13,23,34,0.936,0.947,0.596,0.974,0.723,0.955,0.654,0.622
12,xgboost_seed_3_skf_3_paras_151_lr_0.01_n_900_depth_7_subsample_0.8_scale_pos_weight_6,xgboost,3_skf_3,488,15,21,36,0.936,0.952,0.632,0.97,0.706,0.959,0.667,0.632
13,xgboost_seed_4_skf_0_paras_151_lr_0.01_n_900_depth_7_subsample_0.8_scale_pos_weight_6,xgboost,4_skf_0,493,10,23,34,0.941,0.945,0.596,0.98,0.773,0.955,0.673,0.648
14,xgboost_seed_4_skf_1_paras_151_lr_0.01_n_900_depth_7_subsample_0.8_scale_pos_weight_6,xgboost,4_skf_1,486,17,20,37,0.934,0.938,0.649,0.966,0.685,0.96,0.667,0.63
15,xgboost_seed_4_skf_2_paras_151_lr_0.01_n_900_depth_7_subsample_0.8_scale_pos_weight_6,xgboost,4_skf_2,488,15,22,35,0.934,0.94,0.614,0.97,0.7,0.957,0.654,0.619
16,xgboost_seed_4_skf_4_paras_151_lr_0.01_n_900_depth_7_subsample_0.8_scale_pos_weight_6,xgboost,4_skf_4,490,13,23,34,0.936,0.952,0.596,0.974,0.723,0.955,0.654,0.622
17,xgboost_seed_5_skf_0_paras_151_lr_0.01_n_900_depth_7_subsample_0.8_scale_pos_weight_6,xgboost,5_skf_0,488,15,20,37,0.938,0.952,0.649,0.97,0.712,0.961,0.679,0.645
18,xgboost_seed_5_skf_3_paras_151_lr_0.01_n_900_depth_7_subsample_0.8_scale_pos_weight_6,xgboost,5_skf_3,487,16,23,34,0.93,0.94,0.596,0.968,0.68,0.955,0.636,0.599
19,xgboost_seed_5_skf_4_paras_151_lr_0.01_n_900_depth_7_subsample_0.8_scale_pos_weight_6,xgboost,5_skf_4,489,14,23,34,0.934,0.945,0.596,0.972,0.708,0.955,0.648,0.614
20,xgboost_seed_6_skf_0_paras_151_lr_0.01_n_900_depth_7_subsample_0.8_scale_pos_weight_6,xgboost,6_skf_0,488,15,21,36,0.936,0.94,0.632,0.97,0.706,0.959,0.667,0.632
21,xgboost_seed_6_skf_2_paras_151_lr_0.01_n_900_depth_7_subsample_0.8_scale_pos_weight_6,xgboost,6_skf_2,488,15,23,34,0.932,0.947,0.596,0.97,0.694,0.955,0.642,0.606
22,xgboost_seed_6_skf_3_paras_151_lr_0.01_n_900_depth_7_subsample_0.8_scale_pos_weight_6,xgboost,6_skf_3,489,14,23,34,0.934,0.947,0.596,0.972,0.708,0.955,0.648,0.614
23,xgboost_seed_7_skf_0_paras_151_lr_0.01_n_900_depth_7_subsample_0.8_scale_pos_weight_6,xgboost,7_skf_0,489,14,22,35,0.936,0.94,0.614,0.972,0.714,0.957,0.66,0.627
24,xgboost_seed_7_skf_1_paras_151_lr_0.01_n_900_depth_7_subsample_0.8_scale_pos_weight_6,xgboost,7_skf_1,491,12,22,35,0.939,0.948,0.614,0.976,0.745,0.957,0.673,0.644
25,xgboost_seed_7_skf_2_paras_151_lr_0.01_n_900_depth_7_subsample_0.8_scale_pos_weight_6,xgboost,7_skf_2,488,15,21,36,0.936,0.947,0.632,0.97,0.706,0.959,0.667,0.632
26,xgboost_seed_7_skf_3_paras_151_lr_0.01_n_900_depth_7_subsample_0.8_scale_pos_weight_6,xgboost,7_skf_3,487,16,22,35,0.932,0.944,0.614,0.968,0.686,0.957,0.648,0.612
27,xgboost_seed_8_skf_0_paras_151_lr_0.01_n_900_depth_7_subsample_0.8_scale_pos_weight_6,xgboost,8_skf_0,488,15,21,36,0.936,0.945,0.632,0.97,0.706,0.959,0.667,0.632
28,xgboost_seed_8_skf_1_paras_151_lr_0.01_n_900_depth_7_subsample_0.8_scale_pos_weight_6,xgboost,8_skf_1,491,12,22,35,0.939,0.95,0.614,0.976,0.745,0.957,0.673,0.644
29,xgboost_seed_8_skf_2_paras_151_lr_0.01_n_900_depth_7_subsample_0.8_scale_pos_weight_6,xgboost,8_skf_2,490,13,22,35,0.938,0.934,0.614,0.974,0.729,0.957,0.667,0.635
30,xgboost_seed_8_skf_3_paras_151_lr_0.01_n_900_depth_7_subsample_0.8_scale_pos_weight_6,xgboost,8_skf_3,492,11,22,35,0.941,0.946,0.614,0.978,0.761,0.957,0.68,0.652
31,xgboost_seed_8_skf_4_paras_151_lr_0.01_n_900_depth_7_subsample_0.8_scale_pos_weight_6,xgboost,8_skf_4,489,14,23,34,0.934,0.948,0.596,0.972,0.708,0.955,0.648,0.614
32,xgboost_seed_9_skf_2_paras_151_lr_0.01_n_900_depth_7_subsample_0.8_scale_pos_weight_6,xgboost,9_skf_2,489,14,22,35,0.936,0.943,0.614,0.972,0.714,0.957,0.66,0.627
33,xgboost_seed_9_skf_3_paras_151_lr_0.01_n_900_depth_7_subsample_0.8_scale_pos_weight_6,xgboost,9_skf_3,487,16,22,35,0.932,0.945,0.614,0.968,0.686,0.957,0.648,0.612
34,xgboost_seed_9_skf_4_paras_151_lr_0.01_n_900_depth_7_subsample_0.8_scale_pos_weight_6,xgboost,9_skf_4,492,11,22,35,0.941,0.946,0.614,0.978,0.761,0.957,0.68,0.652
35,xgboost_seed_10_skf_1_paras_151_lr_0.01_n_900_depth_7_subsample_0.8_scale_pos_weight_6,xgboost,10_skf_1,486,17,22,35,0.93,0.939,0.614,0.966,0.673,0.957,0.642,0.604
36,xgboost_seed_10_skf_2_paras_151_lr_0.01_n_900_depth_7_subsample_0.8_scale_pos_weight_6,xgboost,10_skf_2,489,14,22,35,0.936,0.946,0.614,0.972,0.714,0.957,0.66,0.627
37,xgboost_seed_10_skf_3_paras_151_lr_0.01_n_900_depth_7_subsample_0.8_scale_pos_weight_6,xgboost,10_skf_3,492,11,22,35,0.941,0.946,0.614,0.978,0.761,0.957,0.68,0.652
38,xgboost_seed_10_skf_4_paras_151_lr_0.01_n_900_depth_7_subsample_0.8_scale_pos_weight_6,xgboost,10_skf_4,491,12,23,34,0.938,0.944,0.596,0.976,0.739,0.955,0.66,0.631
39,xgboost_seed_11_skf_2_paras_151_lr_0.01_n_900_depth_7_subsample_0.8_scale_pos_weight_6,xgboost,11_skf_2,490,13,21,36,0.939,0.941,0.632,0.974,0.735,0.959,0.679,0.648
40,xgboost_seed_11_skf_3_paras_151_lr_0.01_n_900_depth_7_subsample_0.8_scale_pos_weight_6,xgboost,11_skf_3,488,15,24,33,0.93,0.94,0.579,0.97,0.688,0.953,0.629,0.593
41,xgboost_seed_11_skf_4_paras_151_lr_0.01_n_900_depth_7_subsample_0.8_scale_pos_weight_6,xgboost,11_skf_4,489,14,23,34,0.934,0.946,0.596,0.972,0.708,0.955,0.648,0.614
42,xgboost_seed_12_skf_0_paras_151_lr_0.01_n_900_depth_7_subsample_0.8_scale_pos_weight_6,xgboost,12_skf_0,490,13,21,36,0.939,0.947,0.632,0.974,0.735,0.959,0.679,0.648
43,xgboost_seed_12_skf_1_paras_151_lr_0.01_n_900_depth_7_subsample_0.8_scale_pos_weight_6,xgboost,12_skf_1,492,11,23,34,0.939,0.948,0.596,0.978,0.756,0.955,0.667,0.639
44,xgboost_seed_12_skf_2_paras_151_lr_0.01_n_900_depth_7_subsample_0.8_scale_pos_weight_6,xgboost,12_skf_2,491,12,24,33,0.936,0.942,0.579,0.976,0.733,0.953,0.647,0.617
45,xgboost_seed_12_skf_3_paras_151_lr_0.01_n_900_depth_7_subsample_0.8_scale_pos_weight_6,xgboost,12_skf_3,491,12,22,35,0.939,0.944,0.614,0.976,0.745,0.957,0.673,0.644
46,xgboost_seed_12_skf_4_paras_151_lr_0.01_n_900_depth_7_subsample_0.8_scale_pos_weight_6,xgboost,12_skf_4,490,13,21,36,0.939,0.941,0.632,0.974,0.735,0.959,0.679,0.648
47,xgboost_seed_13_skf_0_paras_151_lr_0.01_n_900_depth_7_subsample_0.8_scale_pos_weight_6,xgboost,13_skf_0,491,12,22,35,0.939,0.944,0.614,0.976,0.745,0.957,0.673,0.644
48,xgboost_seed_13_skf_3_paras_151_lr_0.01_n_900_depth_7_subsample_0.8_scale_pos_weight_6,xgboost,13_skf_3,488,15,21,36,0.936,0.947,0.632,0.97,0.706,0.959,0.667,0.632
49,xgboost_seed_13_skf_4_paras_151_lr_0.01_n_900_depth_7_subsample_0.8_scale_pos_weight_6,xgboost,13_skf_4,488,15,22,35,0.934,0.943,0.614,0.97,0.7,0.957,0.654,0.619
50,xgboost_seed_14_skf_0_paras_151_lr_0.01_n_900_depth_7_subsample_0.8_scale_pos_weight_6,xgboost,14_skf_0,494,9,24,33,0.941,0.936,0.579,0.982,0.786,0.954,0.667,0.644
51,xgboost_seed_14_skf_1_paras_151_lr_0.01_n_900_depth_7_subsample_0.8_scale_pos_weight_6,xgboost,14_skf_1,487,16,23,34,0.93,0.944,0.596,0.968,0.68,0.955,0.636,0.599
52,xgboost_seed_14_skf_2_paras_151_lr_0.01_n_900_depth_7_subsample_0.8_scale_pos_weight_6,xgboost,14_skf_2,487,16,23,34,0.93,0.942,0.596,0.968,0.68,0.955,0.636,0.599
53,xgboost_seed_14_skf_3_paras_151_lr_0.01_n_900_depth_7_subsample_0.8_scale_pos_weight_6,xgboost,14_skf_3,485,18,19,38,0.934,0.948,0.667,0.964,0.679,0.962,0.673,0.636
54,xgboost_seed_15_skf_0_paras_151_lr_0.01_n_900_depth_7_subsample_0.8_scale_pos_weight_6,xgboost,15_skf_0,490,13,22,35,0.938,0.944,0.614,0.974,0.729,0.957,0.667,0.635
55,xgboost_seed_15_skf_1_paras_151_lr_0.01_n_900_depth_7_subsample_0.8_scale_pos_weight_6,xgboost,15_skf_1,490,13,22,35,0.938,0.941,0.614,0.974,0.729,0.957,0.667,0.635
56,xgboost_seed_15_skf_2_paras_151_lr_0.01_n_900_depth_7_subsample_0.8_scale_pos_weight_6,xgboost,15_skf_2,488,15,21,36,0.936,0.945,0.632,0.97,0.706,0.959,0.667,0.632
57,xgboost_seed_15_skf_3_paras_151_lr_0.01_n_900_depth_7_subsample_0.8_scale_pos_weight_6,xgboost,15_skf_3,489,14,21,36,0.938,0.945,0.632,0.972,0.72,0.959,0.673,0.64
58,xgboost_seed_15_skf_4_paras_151_lr_0.01_n_900_depth_7_subsample_0.8_scale_pos_weight_6,xgboost,15_skf_4,491,12,23,34,0.938,0.943,0.596,0.976,0.739,0.955,0.66,0.631
59,xgboost_seed_16_skf_0_paras_151_lr_0.01_n_900_depth_7_subsample_0.8_scale_pos_weight_6,xgboost,16_skf_0,494,9,25,32,0.939,0.933,0.561,0.982,0.78,0.952,0.653,0.631
60,xgboost_seed_16_skf_1_paras_151_lr_0.01_n_900_depth_7_subsample_0.8_scale_pos_weight_6,xgboost,16_skf_1,492,11,24,33,0.938,0.947,0.579,0.978,0.75,0.953,0.653,0.626
61,xgboost_seed_16_skf_2_paras_151_lr_0.01_n_900_depth_7_subsample_0.8_scale_pos_weight_6,xgboost,16_skf_2,488,15,20,37,0.938,0.946,0.649,0.97,0.712,0.961,0.679,0.645
62,xgboost_seed_16_skf_4_paras_151_lr_0.01_n_900_depth_7_subsample_0.8_scale_pos_weight_6,xgboost,16_skf_4,488,15,23,34,0.932,0.947,0.596,0.97,0.694,0.955,0.642,0.606
63,xgboost_seed_17_skf_0_paras_151_lr_0.01_n_900_depth_7_subsample_0.8_scale_pos_weight_6,xgboost,17_skf_0,492,11,22,35,0.941,0.944,0.614,0.978,0.761,0.957,0.68,0.652
64,xgboost_seed_17_skf_1_paras_151_lr_0.01_n_900_depth_7_subsample_0.8_scale_pos_weight_6,xgboost,17_skf_1,488,15,20,37,0.938,0.944,0.649,0.97,0.712,0.961,0.679,0.645
65,xgboost_seed_17_skf_3_paras_151_lr_0.01_n_900_depth_7_subsample_0.8_scale_pos_weight_6,xgboost,17_skf_3,484,19,24,33,0.923,0.936,0.579,0.962,0.635,0.953,0.606,0.564
66,xgboost_seed_18_skf_0_paras_151_lr_0.01_n_900_depth_7_subsample_0.8_scale_pos_weight_6,xgboost,18_skf_0,485,18,19,38,0.934,0.943,0.667,0.964,0.679,0.962,0.673,0.636
67,xgboost_seed_18_skf_3_paras_151_lr_0.01_n_900_depth_7_subsample_0.8_scale_pos_weight_6,xgboost,18_skf_3,491,12,25,32,0.934,0.939,0.561,0.976,0.727,0.952,0.634,0.604
68,xgboost_seed_18_skf_4_paras_151_lr_0.01_n_900_depth_7_subsample_0.8_scale_pos_weight_6,xgboost,18_skf_4,489,14,22,35,0.936,0.947,0.614,0.972,0.714,0.957,0.66,0.627
69,xgboost_seed_19_skf_0_paras_151_lr_0.01_n_900_depth_7_subsample_0.8_scale_pos_weight_6,xgboost,19_skf_0,493,10,24,33,0.939,0.947,0.579,0.98,0.767,0.954,0.66,0.635
70,xgboost_seed_19_skf_1_paras_151_lr_0.01_n_900_depth_7_subsample_0.8_scale_pos_weight_6,xgboost,19_skf_1,490,13,22,35,0.938,0.944,0.614,0.974,0.729,0.957,0.667,0.635
71,xgboost_seed_19_skf_2_paras_151_lr_0.01_n_900_depth_7_subsample_0.8_scale_pos_weight_6,xgboost,19_skf_2,491,12,23,34,0.938,0.942,0.596,0.976,0.739,0.955,0.66,0.631
72,xgboost_seed_19_skf_4_paras_151_lr_0.01_n_900_depth_7_subsample_0.8_scale_pos_weight_6,xgboost,19_skf_4,489,14,23,34,0.934,0.942,0.596,0.972,0.708,0.955,0.648,0.614
73,rf_seed_0_skf_0_paras_148_estimator_500_depth_None_minSample_70_random_1_weight_balanced,rf,0_skf_0,475,28,21,36,0.912,0.937,0.632,0.944,0.562,0.958,0.595,0.547
74,rf_seed_0_skf_1_paras_148_estimator_500_depth_None_minSample_70_random_1_weight_balanced,rf,0_skf_1,481,22,20,37,0.925,0.933,0.649,0.956,0.627,0.96,0.638,0.596
75,rf_seed_0_skf_2_paras_148_estimator_500_depth_None_minSample_70_random_1_weight_balanced,rf,0_skf_2,480,23,20,37,0.923,0.945,0.649,0.954,0.617,0.96,0.632,0.59
76,rf_seed_0_skf_3_paras_148_estimator_500_depth_None_minSample_70_random_1_weight_balanced,rf,0_skf_3,484,19,23,34,0.925,0.936,0.596,0.962,0.642,0.955,0.618,0.577
77,rf_seed_0_skf_4_paras_148_estimator_500_depth_None_minSample_70_random_1_weight_balanced,rf,0_skf_4,485,18,19,38,0.934,0.94,0.667,0.964,0.679,0.962,0.673,0.636
78,rf_seed_1_skf_0_paras_148_estimator_500_depth_None_minSample_70_random_1_weight_balanced,rf,1_skf_0,487,16,23,34,0.93,0.94,0.596,0.968,0.68,0.955,0.636,0.599
79,rf_seed_1_skf_1_paras_148_estimator_500_depth_None_minSample_70_random_1_weight_balanced,rf,1_skf_1,484,19,23,34,0.925,0.94,0.596,0.962,0.642,0.955,0.618,0.577
80,rf_seed_1_skf_2_paras_148_estimator_500_depth_None_minSample_70_random_1_weight_balanced,rf,1_skf_2,480,23,20,37,0.923,0.944,0.649,0.954,0.617,0.96,0.632,0.59
81,rf_seed_1_skf_3_paras_148_estimator_500_depth_None_minSample_70_random_1_weight_balanced,rf,1_skf_3,477,26,19,38,0.92,0.942,0.667,0.948,0.594,0.962,0.628,0.584
82,rf_seed_1_skf_4_paras_148_estimator_500_depth_None_minSample_70_random_1_weight_balanced,rf,1_skf_4,479,24,24,33,0.914,0.936,0.579,0.952,0.579,0.952,0.579,0.531
83,rf_seed_2_skf_0_paras_148_estimator_500_depth_None_minSample_70_random_1_weight_balanced,rf,2_skf_0,478,25,20,37,0.92,0.939,0.649,0.95,0.597,0.96,0.622,0.578
84,rf_seed_2_skf_1_paras_148_estimator_500_depth_None_minSample_70_random_1_weight_balanced,rf,2_skf_1,477,26,18,39,0.921,0.939,0.684,0.948,0.6,0.964,0.639,0.597
85,rf_seed_2_skf_2_paras_148_estimator_500_depth_None_minSample_70_random_1_weight_balanced,rf,2_skf_2,479,24,21,36,0.92,0.933,0.632,0.952,0.6,0.958,0.615,0.571
86,rf_seed_2_skf_3_paras_148_estimator_500_depth_None_minSample_70_random_1_weight_balanced,rf,2_skf_3,484,19,24,33,0.923,0.942,0.579,0.962,0.635,0.953,0.606,0.564
87,rf_seed_2_skf_4_paras_148_estimator_500_depth_None_minSample_70_random_1_weight_balanced,rf,2_skf_4,483,20,19,38,0.93,0.947,0.667,0.96,0.655,0.962,0.661,0.622
88,rf_seed_3_skf_0_paras_148_estimator_500_depth_None_minSample_70_random_1_weight_balanced,rf,3_skf_0,484,19,25,32,0.921,0.933,0.561,0.962,0.627,0.951,0.593,0.55
89,rf_seed_3_skf_1_paras_148_estimator_500_depth_None_minSample_70_random_1_weight_balanced,rf,3_skf_1,480,23,18,39,0.927,0.946,0.684,0.954,0.629,0.964,0.655,0.615
90,rf_seed_3_skf_2_paras_148_estimator_500_depth_None_minSample_70_random_1_weight_balanced,rf,3_skf_2,481,22,20,37,0.925,0.933,0.649,0.956,0.627,0.96,0.638,0.596
91,rf_seed_3_skf_3_paras_148_estimator_500_depth_None_minSample_70_random_1_weight_balanced,rf,3_skf_3,477,26,20,37,0.918,0.945,0.649,0.948,0.587,0.96,0.617,0.572
92,rf_seed_3_skf_4_paras_148_estimator_500_depth_None_minSample_70_random_1_weight_balanced,rf,3_skf_4,480,23,18,39,0.927,0.941,0.684,0.954,0.629,0.964,0.655,0.615
93,rf_seed_4_skf_0_paras_148_estimator_500_depth_None_minSample_70_random_1_weight_balanced,rf,4_skf_0,481,22,23,34,0.92,0.935,0.596,0.956,0.607,0.954,0.602,0.557
94,rf_seed_4_skf_1_paras_148_estimator_500_depth_None_minSample_70_random_1_weight_balanced,rf,4_skf_1,482,21,18,39,0.93,0.934,0.684,0.958,0.65,0.964,0.667,0.628
95,rf_seed_4_skf_2_paras_148_estimator_500_depth_None_minSample_70_random_1_weight_balanced,rf,4_skf_2,479,24,23,34,0.916,0.936,0.596,0.952,0.586,0.954,0.591,0.545
96,rf_seed_4_skf_3_paras_148_estimator_500_depth_None_minSample_70_random_1_weight_balanced,rf,4_skf_3,483,20,17,40,0.934,0.947,0.702,0.96,0.667,0.966,0.684,0.647
97,rf_seed_4_skf_4_paras_148_estimator_500_depth_None_minSample_70_random_1_weight_balanced,rf,4_skf_4,477,26,20,37,0.918,0.946,0.649,0.948,0.587,0.96,0.617,0.572
98,rf_seed_5_skf_0_paras_148_estimator_500_depth_None_minSample_70_random_1_weight_balanced,rf,5_skf_0,475,28,18,39,0.918,0.951,0.684,0.944,0.582,0.963,0.629,0.586
99,rf_seed_5_skf_1_paras_148_estimator_500_depth_None_minSample_70_random_1_weight_balanced,rf,5_skf_1,480,23,20,37,0.923,0.934,0.649,0.954,0.617,0.96,0.632,0.59
100,rf_seed_5_skf_2_paras_148_estimator_500_depth_None_minSample_70_random_1_weight_balanced,rf,5_skf_2,480,23,23,34,0.918,0.934,0.596,0.954,0.596,0.954,0.596,0.551
101,rf_seed_5_skf_3_paras_148_estimator_500_depth_None_minSample_70_random_1_weight_balanced,rf,5_skf_3,482,21,19,38,0.929,0.947,0.667,0.958,0.644,0.962,0.655,0.615
102,rf_seed_5_skf_4_paras_148_estimator_500_depth_None_minSample_70_random_1_weight_balanced,rf,5_skf_4,479,24,22,35,0.918,0.938,0.614,0.952,0.593,0.956,0.603,0.558
103,rf_seed_6_skf_0_paras_148_estimator_500_depth_None_minSample_70_random_1_weight_balanced,rf,6_skf_0,476,27,26,31,0.905,0.93,0.544,0.946,0.534,0.948,0.539,0.486
104,rf_seed_6_skf_1_paras_148_estimator_500_depth_None_minSample_70_random_1_weight_balanced,rf,6_skf_1,483,20,22,35,0.925,0.939,0.614,0.96,0.636,0.956,0.625,0.583
105,rf_seed_6_skf_2_paras_148_estimator_500_depth_None_minSample_70_random_1_weight_balanced,rf,6_skf_2,477,26,18,39,0.921,0.943,0.684,0.948,0.6,0.964,0.639,0.597
106,rf_seed_6_skf_3_paras_148_estimator_500_depth_None_minSample_70_random_1_weight_balanced,rf,6_skf_3,483,20,21,36,0.927,0.942,0.632,0.96,0.643,0.958,0.637,0.596
107,rf_seed_6_skf_4_paras_148_estimator_500_depth_None_minSample_70_random_1_weight_balanced,rf,6_skf_4,478,25,20,37,0.92,0.94,0.649,0.95,0.597,0.96,0.622,0.578
108,rf_seed_7_skf_0_paras_148_estimator_500_depth_None_minSample_70_random_1_weight_balanced,rf,7_skf_0,481,22,25,32,0.916,0.929,0.561,0.956,0.593,0.951,0.577,0.53
109,rf_seed_7_skf_1_paras_148_estimator_500_depth_None_minSample_70_random_1_weight_balanced,rf,7_skf_1,481,22,19,38,0.927,0.945,0.667,0.956,0.633,0.962,0.65,0.609
110,rf_seed_7_skf_2_paras_148_estimator_500_depth_None_minSample_70_random_1_weight_balanced,rf,7_skf_2,482,21,20,37,0.927,0.945,0.649,0.958,0.638,0.96,0.643,0.603
111,rf_seed_7_skf_3_paras_148_estimator_500_depth_None_minSample_70_random_1_weight_balanced,rf,7_skf_3,479,24,20,37,0.921,0.943,0.649,0.952,0.607,0.96,0.627,0.584
112,rf_seed_7_skf_4_paras_148_estimator_500_depth_None_minSample_70_random_1_weight_balanced,rf,7_skf_4,480,23,20,37,0.923,0.936,0.649,0.954,0.617,0.96,0.632,0.59
113,rf_seed_8_skf_0_paras_148_estimator_500_depth_None_minSample_70_random_1_weight_balanced,rf,8_skf_0,478,25,18,39,0.923,0.94,0.684,0.95,0.609,0.964,0.645,0.603
114,rf_seed_8_skf_1_paras_148_estimator_500_depth_None_minSample_70_random_1_weight_balanced,rf,8_skf_1,482,21,25,32,0.918,0.942,0.561,0.958,0.604,0.951,0.582,0.537
115,rf_seed_8_skf_2_paras_148_estimator_500_depth_None_minSample_70_random_1_weight_balanced,rf,8_skf_2,483,20,21,36,0.927,0.938,0.632,0.96,0.643,0.958,0.637,0.596
116,rf_seed_8_skf_3_paras_148_estimator_500_depth_None_minSample_70_random_1_weight_balanced,rf,8_skf_3,485,18,24,33,0.925,0.937,0.579,0.964,0.647,0.953,0.611,0.571
117,rf_seed_8_skf_4_paras_148_estimator_500_depth_None_minSample_70_random_1_weight_balanced,rf,8_skf_4,482,21,20,37,0.927,0.938,0.649,0.958,0.638,0.96,0.643,0.603
118,rf_seed_9_skf_0_paras_148_estimator_500_depth_None_minSample_70_random_1_weight_balanced,rf,9_skf_0,480,23,18,39,0.927,0.946,0.684,0.954,0.629,0.964,0.655,0.615
119,rf_seed_9_skf_1_paras_148_estimator_500_depth_None_minSample_70_random_1_weight_balanced,rf,9_skf_1,480,23,22,35,0.92,0.943,0.614,0.954,0.603,0.956,0.609,0.564
120,rf_seed_9_skf_2_paras_148_estimator_500_depth_None_minSample_70_random_1_weight_balanced,rf,9_skf_2,479,24,23,34,0.916,0.936,0.596,0.952,0.586,0.954,0.591,0.545
121,rf_seed_9_skf_3_paras_148_estimator_500_depth_None_minSample_70_random_1_weight_balanced,rf,9_skf_3,480,23,24,33,0.916,0.94,0.579,0.954,0.589,0.952,0.584,0.537
122,rf_seed_9_skf_4_paras_148_estimator_500_depth_None_minSample_70_random_1_weight_balanced,rf,9_skf_4,480,23,19,38,0.925,0.942,0.667,0.954,0.623,0.962,0.644,0.603
123,rf_seed_10_skf_0_paras_148_estimator_500_depth_None_minSample_70_random_1_weight_balanced,rf,10_skf_0,482,21,23,34,0.921,0.939,0.596,0.958,0.618,0.954,0.607,0.564
124,rf_seed_10_skf_1_paras_148_estimator_500_depth_None_minSample_70_random_1_weight_balanced,rf,10_skf_1,484,19,17,40,0.936,0.943,0.702,0.962,0.678,0.966,0.69,0.654
125,rf_seed_10_skf_2_paras_148_estimator_500_depth_None_minSample_70_random_1_weight_balanced,rf,10_skf_2,481,22,25,32,0.916,0.942,0.561,0.956,0.593,0.951,0.577,0.53
126,rf_seed_10_skf_3_paras_148_estimator_500_depth_None_minSample_70_random_1_weight_balanced,rf,10_skf_3,481,22,22,35,0.921,0.944,0.614,0.956,0.614,0.956,0.614,0.57
127,rf_seed_10_skf_4_paras_148_estimator_500_depth_None_minSample_70_random_1_weight_balanced,rf,10_skf_4,478,25,20,37,0.92,0.937,0.649,0.95,0.597,0.96,0.622,0.578
128,rf_seed_11_skf_0_paras_148_estimator_500_depth_None_minSample_70_random_1_weight_balanced,rf,11_skf_0,481,22,22,35,0.921,0.936,0.614,0.956,0.614,0.956,0.614,0.57
129,rf_seed_11_skf_1_paras_148_estimator_500_depth_None_minSample_70_random_1_weight_balanced,rf,11_skf_1,484,19,18,39,0.934,0.946,0.684,0.962,0.672,0.964,0.678,0.641
130,rf_seed_11_skf_2_paras_148_estimator_500_depth_None_minSample_70_random_1_weight_balanced,rf,11_skf_2,479,24,22,35,0.918,0.938,0.614,0.952,0.593,0.956,0.603,0.558
131,rf_seed_11_skf_3_paras_148_estimator_500_depth_None_minSample_70_random_1_weight_balanced,rf,11_skf_3,479,24,21,36,0.92,0.932,0.632,0.952,0.6,0.958,0.615,0.571
132,rf_seed_11_skf_4_paras_148_estimator_500_depth_None_minSample_70_random_1_weight_balanced,rf,11_skf_4,479,24,18,39,0.925,0.944,0.684,0.952,0.619,0.964,0.65,0.609
133,rf_seed_12_skf_0_paras_148_estimator_500_depth_None_minSample_70_random_1_weight_balanced,rf,12_skf_0,477,26,20,37,0.918,0.945,0.649,0.948,0.587,0.96,0.617,0.572
134,rf_seed_12_skf_1_paras_148_estimator_500_depth_None_minSample_70_random_1_weight_balanced,rf,12_skf_1,480,23,22,35,0.92,0.928,0.614,0.954,0.603,0.956,0.609,0.564
135,rf_seed_12_skf_2_paras_148_estimator_500_depth_None_minSample_70_random_1_weight_balanced,rf,12_skf_2,484,19,21,36,0.929,0.941,0.632,0.962,0.655,0.958,0.643,0.603
136,rf_seed_12_skf_3_paras_148_estimator_500_depth_None_minSample_70_random_1_weight_balanced,rf,12_skf_3,481,22,19,38,0.927,0.943,0.667,0.956,0.633,0.962,0.65,0.609
137,rf_seed_12_skf_4_paras_148_estimator_500_depth_None_minSample_70_random_1_weight_balanced,rf,12_skf_4,483,20,21,36,0.927,0.943,0.632,0.96,0.643,0.958,0.637,0.596
138,rf_seed_13_skf_0_paras_148_estimator_500_depth_None_minSample_70_random_1_weight_balanced,rf,13_skf_0,484,19,18,39,0.934,0.945,0.684,0.962,0.672,0.964,0.678,0.641
139,rf_seed_13_skf_1_paras_148_estimator_500_depth_None_minSample_70_random_1_weight_balanced,rf,13_skf_1,481,22,20,37,0.925,0.943,0.649,0.956,0.627,0.96,0.638,0.596
140,rf_seed_13_skf_2_paras_148_estimator_500_depth_None_minSample_70_random_1_weight_balanced,rf,13_skf_2,482,21,23,34,0.921,0.941,0.596,0.958,0.618,0.954,0.607,0.564
141,rf_seed_13_skf_3_paras_148_estimator_500_depth_None_minSample_70_random_1_weight_balanced,rf,13_skf_3,479,24,22,35,0.918,0.941,0.614,0.952,0.593,0.956,0.603,0.558
142,rf_seed_13_skf_4_paras_148_estimator_500_depth_None_minSample_70_random_1_weight_balanced,rf,13_skf_4,477,26,21,36,0.916,0.937,0.632,0.948,0.581,0.958,0.605,0.559
143,rf_seed_14_skf_0_paras_148_estimator_500_depth_None_minSample_70_random_1_weight_balanced,rf,14_skf_0,486,17,21,36,0.932,0.925,0.632,0.966,0.679,0.959,0.655,0.617
144,rf_seed_14_skf_1_paras_148_estimator_500_depth_None_minSample_70_random_1_weight_balanced,rf,14_skf_1,481,22,21,36,0.923,0.944,0.632,0.956,0.621,0.958,0.626,0.583
145,rf_seed_14_skf_2_paras_148_estimator_500_depth_None_minSample_70_random_1_weight_balanced,rf,14_skf_2,477,26,20,37,0.918,0.943,0.649,0.948,0.587,0.96,0.617,0.572
146,rf_seed_14_skf_3_paras_148_estimator_500_depth_None_minSample_70_random_1_weight_balanced,rf,14_skf_3,482,21,19,38,0.929,0.944,0.667,0.958,0.644,0.962,0.655,0.615
147,rf_seed_14_skf_4_paras_148_estimator_500_depth_None_minSample_70_random_1_weight_balanced,rf,14_skf_4,481,22,19,38,0.927,0.937,0.667,0.956,0.633,0.962,0.65,0.609
148,rf_seed_15_skf_0_paras_148_estimator_500_depth_None_minSample_70_random_1_weight_balanced,rf,15_skf_0,483,20,21,36,0.927,0.937,0.632,0.96,0.643,0.958,0.637,0.596
149,rf_seed_15_skf_1_paras_148_estimator_500_depth_None_minSample_70_random_1_weight_balanced,rf,15_skf_1,483,20,23,34,0.923,0.925,0.596,0.96,0.63,0.955,0.613,0.57
150,rf_seed_15_skf_2_paras_148_estimator_500_depth_None_minSample_70_random_1_weight_balanced,rf,15_skf_2,481,22,18,39,0.929,0.945,0.684,0.956,0.639,0.964,0.661,0.622
151,rf_seed_15_skf_3_paras_148_estimator_500_depth_None_minSample_70_random_1_weight_balanced,rf,15_skf_3,476,27,20,37,0.916,0.941,0.649,0.946,0.578,0.96,0.612,0.566
152,rf_seed_15_skf_4_paras_148_estimator_500_depth_None_minSample_70_random_1_weight_balanced,rf,15_skf_4,481,22,19,38,0.927,0.942,0.667,0.956,0.633,0.962,0.65,0.609
153,rf_seed_16_skf_0_paras_148_estimator_500_depth_None_minSample_70_random_1_weight_balanced,rf,16_skf_0,481,22,24,33,0.918,0.929,0.579,0.956,0.6,0.952,0.589,0.544
154,rf_seed_16_skf_1_paras_148_estimator_500_depth_None_minSample_70_random_1_weight_balanced,rf,16_skf_1,481,22,18,39,0.929,0.942,0.684,0.956,0.639,0.964,0.661,0.622
155,rf_seed_16_skf_2_paras_148_estimator_500_depth_None_minSample_70_random_1_weight_balanced,rf,16_skf_2,480,23,20,37,0.923,0.94,0.649,0.954,0.617,0.96,0.632,0.59
156,rf_seed_16_skf_3_paras_148_estimator_500_depth_None_minSample_70_random_1_weight_balanced,rf,16_skf_3,480,23,19,38,0.925,0.946,0.667,0.954,0.623,0.962,0.644,0.603
157,rf_seed_16_skf_4_paras_148_estimator_500_depth_None_minSample_70_random_1_weight_balanced,rf,16_skf_4,478,25,20,37,0.92,0.947,0.649,0.95,0.597,0.96,0.622,0.578
158,rf_seed_17_skf_0_paras_148_estimator_500_depth_None_minSample_70_random_1_weight_balanced,rf,17_skf_0,478,25,23,34,0.914,0.939,0.596,0.95,0.576,0.954,0.586,0.539
159,rf_seed_17_skf_1_paras_148_estimator_500_depth_None_minSample_70_random_1_weight_balanced,rf,17_skf_1,479,24,17,40,0.927,0.942,0.702,0.952,0.625,0.966,0.661,0.622
160,rf_seed_17_skf_2_paras_148_estimator_500_depth_None_minSample_70_random_1_weight_balanced,rf,17_skf_2,480,23,21,36,0.921,0.937,0.632,0.954,0.61,0.958,0.621,0.577
161,rf_seed_17_skf_3_paras_148_estimator_500_depth_None_minSample_70_random_1_weight_balanced,rf,17_skf_3,484,19,22,35,0.927,0.937,0.614,0.962,0.648,0.957,0.631,0.59
162,rf_seed_17_skf_4_paras_148_estimator_500_depth_None_minSample_70_random_1_weight_balanced,rf,17_skf_4,482,21,22,35,0.923,0.941,0.614,0.958,0.625,0.956,0.619,0.577
163,rf_seed_18_skf_0_paras_148_estimator_500_depth_None_minSample_70_random_1_weight_balanced,rf,18_skf_0,479,24,18,39,0.925,0.946,0.684,0.952,0.619,0.964,0.65,0.609
164,rf_seed_18_skf_1_paras_148_estimator_500_depth_None_minSample_70_random_1_weight_balanced,rf,18_skf_1,480,23,22,35,0.92,0.934,0.614,0.954,0.603,0.956,0.609,0.564
165,rf_seed_18_skf_2_paras_148_estimator_500_depth_None_minSample_70_random_1_weight_balanced,rf,18_skf_2,482,21,20,37,0.927,0.943,0.649,0.958,0.638,0.96,0.643,0.603
166,rf_seed_18_skf_3_paras_148_estimator_500_depth_None_minSample_70_random_1_weight_balanced,rf,18_skf_3,479,24,24,33,0.914,0.934,0.579,0.952,0.579,0.952,0.579,0.531
167,rf_seed_18_skf_4_paras_148_estimator_500_depth_None_minSample_70_random_1_weight_balanced,rf,18_skf_4,482,21,21,36,0.925,0.938,0.632,0.958,0.632,0.958,0.632,0.59
168,rf_seed_19_skf_0_paras_148_estimator_500_depth_None_minSample_70_random_1_weight_balanced,rf,19_skf_0,481,22,22,35,0.921,0.943,0.614,0.956,0.614,0.956,0.614,0.57
169,rf_seed_19_skf_1_paras_148_estimator_500_depth_None_minSample_70_random_1_weight_balanced,rf,19_skf_1,479,24,20,37,0.921,0.934,0.649,0.952,0.607,0.96,0.627,0.584
170,rf_seed_19_skf_2_paras_148_estimator_500_depth_None_minSample_70_random_1_weight_balanced,rf,19_skf_2,478,25,18,39,0.923,0.939,0.684,0.95,0.609,0.964,0.645,0.603
171,rf_seed_19_skf_3_paras_148_estimator_500_depth_None_minSample_70_random_1_weight_balanced,rf,19_skf_3,481,22,19,38,0.927,0.946,0.667,0.956,0.633,0.962,0.65,0.609
172,rf_seed_19_skf_4_paras_148_estimator_500_depth_None_minSample_70_random_1_weight_balanced,rf,19_skf_4,482,21,23,34,0.921,0.938,0.596,0.958,0.618,0.954,0.607,0.564
173,svm_seed_0_skf_0_paras_19_kernel_rbf_C_1_gamma_1,svm,0_skf_0,485,18,26,31,0.921,0.91,0.544,0.964,0.633,0.949,0.585,0.544
174,svm_seed_0_skf_1_paras_19_kernel_rbf_C_1_gamma_1,svm,0_skf_1,489,14,28,29,0.925,0.911,0.509,0.972,0.674,0.946,0.58,0.546
175,svm_seed_0_skf_2_paras_19_kernel_rbf_C_1_gamma_1,svm,0_skf_2,486,17,27,30,0.921,0.923,0.526,0.966,0.638,0.947,0.577,0.537
176,svm_seed_0_skf_3_paras_19_kernel_rbf_C_1_gamma_1,svm,0_skf_3,493,10,28,29,0.932,0.916,0.509,0.98,0.744,0.946,0.604,0.581
177,svm_seed_0_skf_4_paras_19_kernel_rbf_C_1_gamma_1,svm,0_skf_4,487,16,28,29,0.921,0.907,0.509,0.968,0.644,0.946,0.569,0.531
178,svm_seed_1_skf_0_paras_19_kernel_rbf_C_1_gamma_1,svm,1_skf_0,493,10,27,30,0.934,0.911,0.526,0.98,0.75,0.948,0.619,0.595
179,svm_seed_1_skf_1_paras_19_kernel_rbf_C_1_gamma_1,svm,1_skf_1,490,13,29,28,0.925,0.901,0.491,0.974,0.683,0.944,0.571,0.54
180,svm_seed_1_skf_2_paras_19_kernel_rbf_C_1_gamma_1,svm,1_skf_2,491,12,28,29,0.929,0.924,0.509,0.976,0.707,0.946,0.592,0.563
181,svm_seed_1_skf_3_paras_19_kernel_rbf_C_1_gamma_1,svm,1_skf_3,485,18,27,30,0.92,0.921,0.526,0.964,0.625,0.947,0.571,0.53
182,svm_seed_1_skf_4_paras_19_kernel_rbf_C_1_gamma_1,svm,1_skf_4,484,19,30,27,0.912,0.913,0.474,0.962,0.587,0.942,0.524,0.48
183,svm_seed_2_skf_0_paras_19_kernel_rbf_C_1_gamma_1,svm,2_skf_0,486,17,26,31,0.923,0.902,0.544,0.966,0.646,0.949,0.59,0.551
184,svm_seed_2_skf_1_paras_19_kernel_rbf_C_1_gamma_1,svm,2_skf_1,484,19,28,29,0.916,0.935,0.509,0.962,0.604,0.945,0.552,0.509
185,svm_seed_2_skf_2_paras_19_kernel_rbf_C_1_gamma_1,svm,2_skf_2,492,11,27,30,0.932,0.905,0.526,0.978,0.732,0.948,0.612,0.586
186,svm_seed_2_skf_3_paras_19_kernel_rbf_C_1_gamma_1,svm,2_skf_3,494,9,29,28,0.932,0.913,0.491,0.982,0.757,0.945,0.596,0.576
187,svm_seed_2_skf_4_paras_19_kernel_rbf_C_1_gamma_1,svm,2_skf_4,486,17,27,30,0.921,0.918,0.526,0.966,0.638,0.947,0.577,0.537
188,svm_seed_3_skf_0_paras_19_kernel_rbf_C_1_gamma_1,svm,3_skf_0,492,11,29,28,0.929,0.92,0.491,0.978,0.718,0.944,0.583,0.558
189,svm_seed_3_skf_1_paras_19_kernel_rbf_C_1_gamma_1,svm,3_skf_1,492,11,28,29,0.93,0.907,0.509,0.978,0.725,0.946,0.598,0.572
190,svm_seed_3_skf_2_paras_19_kernel_rbf_C_1_gamma_1,svm,3_skf_2,488,15,27,30,0.925,0.911,0.526,0.97,0.667,0.948,0.588,0.552
191,svm_seed_3_skf_3_paras_19_kernel_rbf_C_1_gamma_1,svm,3_skf_3,484,19,28,29,0.916,0.922,0.509,0.962,0.604,0.945,0.552,0.509
192,svm_seed_3_skf_4_paras_19_kernel_rbf_C_1_gamma_1,svm,3_skf_4,489,14,28,29,0.925,0.917,0.509,0.972,0.674,0.946,0.58,0.546
193,svm_seed_4_skf_0_paras_19_kernel_rbf_C_1_gamma_1,svm,4_skf_0,495,8,29,28,0.934,0.914,0.491,0.984,0.778,0.945,0.602,0.586
194,svm_seed_4_skf_1_paras_19_kernel_rbf_C_1_gamma_1,svm,4_skf_1,483,20,25,32,0.92,0.903,0.561,0.96,0.615,0.951,0.587,0.543
195,svm_seed_4_skf_2_paras_19_kernel_rbf_C_1_gamma_1,svm,4_skf_2,485,18,29,28,0.916,0.91,0.491,0.964,0.609,0.944,0.544,0.502
196,svm_seed_4_skf_3_paras_19_kernel_rbf_C_1_gamma_1,svm,4_skf_3,495,8,27,30,0.938,0.924,0.526,0.984,0.789,0.948,0.632,0.614
197,svm_seed_4_skf_4_paras_19_kernel_rbf_C_1_gamma_1,svm,4_skf_4,487,16,28,29,0.921,0.911,0.509,0.968,0.644,0.946,0.569,0.531
198,svm_seed_5_skf_0_paras_19_kernel_rbf_C_1_gamma_1,svm,5_skf_0,490,13,26,31,0.93,0.924,0.544,0.974,0.705,0.95,0.614,0.582
199,svm_seed_5_skf_1_paras_19_kernel_rbf_C_1_gamma_1,svm,5_skf_1,492,11,31,26,0.925,0.904,0.456,0.978,0.703,0.941,0.553,0.529
200,svm_seed_5_skf_2_paras_19_kernel_rbf_C_1_gamma_1,svm,5_skf_2,483,20,26,31,0.918,0.912,0.544,0.96,0.608,0.949,0.574,0.53
201,svm_seed_5_skf_3_paras_19_kernel_rbf_C_1_gamma_1,svm,5_skf_3,489,14,27,30,0.927,0.919,0.526,0.972,0.682,0.948,0.594,0.56
202,svm_seed_5_skf_4_paras_19_kernel_rbf_C_1_gamma_1,svm,5_skf_4,489,14,27,30,0.927,0.919,0.526,0.972,0.682,0.948,0.594,0.56
203,svm_seed_6_skf_0_paras_19_kernel_rbf_C_1_gamma_1,svm,6_skf_0,485,18,27,30,0.92,0.907,0.526,0.964,0.625,0.947,0.571,0.53
204,svm_seed_6_skf_1_paras_19_kernel_rbf_C_1_gamma_1,svm,6_skf_1,491,12,28,29,0.929,0.917,0.509,0.976,0.707,0.946,0.592,0.563
205,svm_seed_6_skf_2_paras_19_kernel_rbf_C_1_gamma_1,svm,6_skf_2,487,16,29,28,0.92,0.912,0.491,0.968,0.636,0.944,0.554,0.516
206,svm_seed_6_skf_3_paras_19_kernel_rbf_C_1_gamma_1,svm,6_skf_3,491,12,28,29,0.929,0.912,0.509,0.976,0.707,0.946,0.592,0.563
207,svm_seed_6_skf_4_paras_19_kernel_rbf_C_1_gamma_1,svm,6_skf_4,489,14,27,30,0.927,0.931,0.526,0.972,0.682,0.948,0.594,0.56
208,svm_seed_7_skf_0_paras_19_kernel_rbf_C_1_gamma_1,svm,7_skf_0,487,16,30,27,0.918,0.916,0.474,0.968,0.628,0.942,0.54,0.502
209,svm_seed_7_skf_1_paras_19_kernel_rbf_C_1_gamma_1,svm,7_skf_1,493,10,26,31,0.936,0.91,0.544,0.98,0.756,0.95,0.633,0.608
210,svm_seed_7_skf_2_paras_19_kernel_rbf_C_1_gamma_1,svm,7_skf_2,488,15,26,31,0.927,0.921,0.544,0.97,0.674,0.949,0.602,0.566
211,svm_seed_7_skf_3_paras_19_kernel_rbf_C_1_gamma_1,svm,7_skf_3,484,19,27,30,0.918,0.922,0.526,0.962,0.612,0.947,0.566,0.523
212,svm_seed_7_skf_4_paras_19_kernel_rbf_C_1_gamma_1,svm,7_skf_4,487,16,27,30,0.923,0.904,0.526,0.968,0.652,0.947,0.583,0.545
213,svm_seed_8_skf_0_paras_19_kernel_rbf_C_1_gamma_1,svm,8_skf_0,490,13,27,30,0.929,0.907,0.526,0.974,0.698,0.948,0.6,0.568
214,svm_seed_8_skf_1_paras_19_kernel_rbf_C_1_gamma_1,svm,8_skf_1,488,15,27,30,0.925,0.935,0.526,0.97,0.667,0.948,0.588,0.552
215,svm_seed_8_skf_2_paras_19_kernel_rbf_C_1_gamma_1,svm,8_skf_2,490,13,29,28,0.925,0.903,0.491,0.974,0.683,0.944,0.571,0.54
216,svm_seed_8_skf_3_paras_19_kernel_rbf_C_1_gamma_1,svm,8_skf_3,489,14,28,29,0.925,0.916,0.509,0.972,0.674,0.946,0.58,0.546
217,svm_seed_8_skf_4_paras_19_kernel_rbf_C_1_gamma_1,svm,8_skf_4,484,19,27,30,0.918,0.919,0.526,0.962,0.612,0.947,0.566,0.523
218,svm_seed_9_skf_0_paras_19_kernel_rbf_C_1_gamma_1,svm,9_skf_0,486,17,25,32,0.925,0.924,0.561,0.966,0.653,0.951,0.604,0.565
219,svm_seed_9_skf_1_paras_19_kernel_rbf_C_1_gamma_1,svm,9_skf_1,494,9,27,30,0.936,0.91,0.526,0.982,0.769,0.948,0.625,0.604
220,svm_seed_9_skf_2_paras_19_kernel_rbf_C_1_gamma_1,svm,9_skf_2,487,16,30,27,0.918,0.911,0.474,0.968,0.628,0.942,0.54,0.502
221,svm_seed_9_skf_3_paras_19_kernel_rbf_C_1_gamma_1,svm,9_skf_3,487,16,28,29,0.921,0.922,0.509,0.968,0.644,0.946,0.569,0.531
222,svm_seed_9_skf_4_paras_19_kernel_rbf_C_1_gamma_1,svm,9_skf_4,491,12,27,30,0.93,0.914,0.526,0.976,0.714,0.948,0.606,0.577
223,svm_seed_10_skf_0_paras_19_kernel_rbf_C_1_gamma_1,svm,10_skf_0,491,12,26,31,0.932,0.92,0.544,0.976,0.721,0.95,0.62,0.591
224,svm_seed_10_skf_1_paras_19_kernel_rbf_C_1_gamma_1,svm,10_skf_1,490,13,26,31,0.93,0.921,0.544,0.974,0.705,0.95,0.614,0.582
225,svm_seed_10_skf_2_paras_19_kernel_rbf_C_1_gamma_1,svm,10_skf_2,488,15,27,30,0.925,0.901,0.526,0.97,0.667,0.948,0.588,0.552
226,svm_seed_10_skf_3_paras_19_kernel_rbf_C_1_gamma_1,svm,10_skf_3,485,18,28,29,0.918,0.921,0.509,0.964,0.617,0.945,0.558,0.516
227,svm_seed_10_skf_4_paras_19_kernel_rbf_C_1_gamma_1,svm,10_skf_4,485,18,29,28,0.916,0.916,0.491,0.964,0.609,0.944,0.544,0.502
228,svm_seed_11_skf_0_paras_19_kernel_rbf_C_1_gamma_1,svm,11_skf_0,492,11,27,30,0.932,0.934,0.526,0.978,0.732,0.948,0.612,0.586
229,svm_seed_11_skf_1_paras_19_kernel_rbf_C_1_gamma_1,svm,11_skf_1,489,14,26,31,0.929,0.904,0.544,0.972,0.689,0.95,0.608,0.574
230,svm_seed_11_skf_2_paras_19_kernel_rbf_C_1_gamma_1,svm,11_skf_2,490,13,27,30,0.929,0.917,0.526,0.974,0.698,0.948,0.6,0.568
231,svm_seed_11_skf_3_paras_19_kernel_rbf_C_1_gamma_1,svm,11_skf_3,487,16,31,26,0.916,0.908,0.456,0.968,0.619,0.94,0.525,0.487
232,svm_seed_11_skf_4_paras_19_kernel_rbf_C_1_gamma_1,svm,11_skf_4,488,15,27,30,0.925,0.911,0.526,0.97,0.667,0.948,0.588,0.552
233,svm_seed_12_skf_0_paras_19_kernel_rbf_C_1_gamma_1,svm,12_skf_0,489,14,26,31,0.929,0.909,0.544,0.972,0.689,0.95,0.608,0.574
234,svm_seed_12_skf_1_paras_19_kernel_rbf_C_1_gamma_1,svm,12_skf_1,486,17,29,28,0.918,0.916,0.491,0.966,0.622,0.944,0.549,0.509
235,svm_seed_12_skf_2_paras_19_kernel_rbf_C_1_gamma_1,svm,12_skf_2,487,16,27,30,0.923,0.916,0.526,0.968,0.652,0.947,0.583,0.545
236,svm_seed_12_skf_3_paras_19_kernel_rbf_C_1_gamma_1,svm,12_skf_3,486,17,29,28,0.918,0.925,0.491,0.966,0.622,0.944,0.549,0.509
237,svm_seed_12_skf_4_paras_19_kernel_rbf_C_1_gamma_1,svm,12_skf_4,493,10,26,31,0.936,0.919,0.544,0.98,0.756,0.95,0.633,0.608
238,svm_seed_13_skf_0_paras_19_kernel_rbf_C_1_gamma_1,svm,13_skf_0,491,12,27,30,0.93,0.91,0.526,0.976,0.714,0.948,0.606,0.577
239,svm_seed_13_skf_1_paras_19_kernel_rbf_C_1_gamma_1,svm,13_skf_1,491,12,26,31,0.932,0.916,0.544,0.976,0.721,0.95,0.62,0.591
240,svm_seed_13_skf_2_paras_19_kernel_rbf_C_1_gamma_1,svm,13_skf_2,493,10,29,28,0.93,0.924,0.491,0.98,0.737,0.944,0.589,0.567
241,svm_seed_13_skf_3_paras_19_kernel_rbf_C_1_gamma_1,svm,13_skf_3,487,16,28,29,0.921,0.916,0.509,0.968,0.644,0.946,0.569,0.531
242,svm_seed_13_skf_4_paras_19_kernel_rbf_C_1_gamma_1,svm,13_skf_4,486,17,31,26,0.914,0.913,0.456,0.966,0.605,0.94,0.52,0.48
243,svm_seed_14_skf_0_paras_19_kernel_rbf_C_1_gamma_1,svm,14_skf_0,495,8,28,29,0.936,0.906,0.509,0.984,0.784,0.946,0.617,0.6
244,svm_seed_14_skf_1_paras_19_kernel_rbf_C_1_gamma_1,svm,14_skf_1,490,13,27,30,0.929,0.927,0.526,0.974,0.698,0.948,0.6,0.568
245,svm_seed_14_skf_2_paras_19_kernel_rbf_C_1_gamma_1,svm,14_skf_2,490,13,28,29,0.927,0.915,0.509,0.974,0.69,0.946,0.586,0.554
246,svm_seed_14_skf_3_paras_19_kernel_rbf_C_1_gamma_1,svm,14_skf_3,485,18,27,30,0.92,0.914,0.526,0.964,0.625,0.947,0.571,0.53
247,svm_seed_14_skf_4_paras_19_kernel_rbf_C_1_gamma_1,svm,14_skf_4,486,17,26,31,0.923,0.913,0.544,0.966,0.646,0.949,0.59,0.551
248,svm_seed_15_skf_0_paras_19_kernel_rbf_C_1_gamma_1,svm,15_skf_0,493,10,29,28,0.93,0.917,0.491,0.98,0.737,0.944,0.589,0.567
249,svm_seed_15_skf_1_paras_19_kernel_rbf_C_1_gamma_1,svm,15_skf_1,492,11,27,30,0.932,0.901,0.526,0.978,0.732,0.948,0.612,0.586
250,svm_seed_15_skf_2_paras_19_kernel_rbf_C_1_gamma_1,svm,15_skf_2,488,15,25,32,0.929,0.91,0.561,0.97,0.681,0.951,0.615,0.58
251,svm_seed_15_skf_3_paras_19_kernel_rbf_C_1_gamma_1,svm,15_skf_3,483,20,27,30,0.916,0.923,0.526,0.96,0.6,0.947,0.561,0.516
252,svm_seed_15_skf_4_paras_19_kernel_rbf_C_1_gamma_1,svm,15_skf_4,487,16,27,30,0.923,0.915,0.526,0.968,0.652,0.947,0.583,0.545
253,svm_seed_16_skf_0_paras_19_kernel_rbf_C_1_gamma_1,svm,16_skf_0,492,11,31,26,0.925,0.888,0.456,0.978,0.703,0.941,0.553,0.529
254,svm_seed_16_skf_1_paras_19_kernel_rbf_C_1_gamma_1,svm,16_skf_1,489,14,27,30,0.927,0.922,0.526,0.972,0.682,0.948,0.594,0.56
255,svm_seed_16_skf_2_paras_19_kernel_rbf_C_1_gamma_1,svm,16_skf_2,486,17,27,30,0.921,0.926,0.526,0.966,0.638,0.947,0.577,0.537
256,svm_seed_16_skf_3_paras_19_kernel_rbf_C_1_gamma_1,svm,16_skf_3,490,13,25,32,0.932,0.917,0.561,0.974,0.711,0.951,0.627,0.596
257,svm_seed_16_skf_4_paras_19_kernel_rbf_C_1_gamma_1,svm,16_skf_4,486,17,28,29,0.92,0.925,0.509,0.966,0.63,0.946,0.563,0.523
258,svm_seed_17_skf_0_paras_19_kernel_rbf_C_1_gamma_1,svm,17_skf_0,486,17,28,29,0.92,0.92,0.509,0.966,0.63,0.946,0.563,0.523
259,svm_seed_17_skf_1_paras_19_kernel_rbf_C_1_gamma_1,svm,17_skf_1,487,16,26,31,0.925,0.918,0.544,0.968,0.66,0.949,0.596,0.558
260,svm_seed_17_skf_2_paras_19_kernel_rbf_C_1_gamma_1,svm,17_skf_2,489,14,27,30,0.927,0.913,0.526,0.972,0.682,0.948,0.594,0.56
261,svm_seed_17_skf_3_paras_19_kernel_rbf_C_1_gamma_1,svm,17_skf_3,491,12,29,28,0.927,0.899,0.491,0.976,0.7,0.944,0.577,0.549
262,svm_seed_17_skf_4_paras_19_kernel_rbf_C_1_gamma_1,svm,17_skf_4,489,14,29,28,0.923,0.923,0.491,0.972,0.667,0.944,0.566,0.532
263,svm_seed_18_skf_0_paras_19_kernel_rbf_C_1_gamma_1,svm,18_skf_0,486,17,25,32,0.925,0.917,0.561,0.966,0.653,0.951,0.604,0.565
264,svm_seed_18_skf_1_paras_19_kernel_rbf_C_1_gamma_1,svm,18_skf_1,491,12,29,28,0.927,0.913,0.491,0.976,0.7,0.944,0.577,0.549
265,svm_seed_18_skf_2_paras_19_kernel_rbf_C_1_gamma_1,svm,18_skf_2,490,13,27,30,0.929,0.919,0.526,0.974,0.698,0.948,0.6,0.568
266,svm_seed_18_skf_3_paras_19_kernel_rbf_C_1_gamma_1,svm,18_skf_3,488,15,32,25,0.916,0.916,0.439,0.97,0.625,0.938,0.515,0.48
267,svm_seed_18_skf_4_paras_19_kernel_rbf_C_1_gamma_1,svm,18_skf_4,489,14,27,30,0.927,0.92,0.526,0.972,0.682,0.948,0.594,0.56
268,svm_seed_19_skf_0_paras_19_kernel_rbf_C_1_gamma_1,svm,19_skf_0,495,8,28,29,0.936,0.909,0.509,0.984,0.784,0.946,0.617,0.6
269,svm_seed_19_skf_1_paras_19_kernel_rbf_C_1_gamma_1,svm,19_skf_1,486,17,28,29,0.92,0.929,0.509,0.966,0.63,0.946,0.563,0.523
270,svm_seed_19_skf_2_paras_19_kernel_rbf_C_1_gamma_1,svm,19_skf_2,489,14,26,31,0.929,0.902,0.544,0.972,0.689,0.95,0.608,0.574
271,svm_seed_19_skf_3_paras_19_kernel_rbf_C_1_gamma_1,svm,19_skf_3,486,17,26,31,0.923,0.922,0.544,0.966,0.646,0.949,0.59,0.551
272,svm_seed_19_skf_4_paras_19_kernel_rbf_C_1_gamma_1,svm,19_skf_4,487,16,30,27,0.918,0.92,0.474,0.968,0.628,0.942,0.54,0.502
273,lr_seed_0_skf_0_paras_22_C_100_weight_None_solver_lbfgs,lr,0_skf_0,481,22,25,32,0.916,0.907,0.561,0.956,0.593,0.951,0.577,0.53
274,lr_seed_0_skf_1_paras_22_C_100_weight_None_solver_lbfgs,lr,0_skf_1,485,18,28,29,0.918,0.916,0.509,0.964,0.617,0.945,0.558,0.516
275,lr_seed_0_skf_3_paras_22_C_100_weight_None_solver_lbfgs,lr,0_skf_3,489,14,27,30,0.927,0.911,0.526,0.972,0.682,0.948,0.594,0.56
276,lr_seed_1_skf_0_paras_22_C_100_weight_None_solver_lbfgs,lr,1_skf_0,485,18,25,32,0.923,0.919,0.561,0.964,0.64,0.951,0.598,0.557
277,lr_seed_1_skf_1_paras_22_C_100_weight_None_solver_lbfgs,lr,1_skf_1,487,16,27,30,0.923,0.917,0.526,0.968,0.652,0.947,0.583,0.545
278,lr_seed_1_skf_2_paras_22_C_100_weight_None_solver_lbfgs,lr,1_skf_2,490,13,30,27,0.923,0.904,0.474,0.974,0.675,0.942,0.557,0.526
279,lr_seed_1_skf_3_paras_22_C_100_weight_None_solver_lbfgs,lr,1_skf_3,481,22,26,31,0.914,0.909,0.544,0.956,0.585,0.949,0.564,0.517
280,lr_seed_1_skf_4_paras_22_C_100_weight_None_solver_lbfgs,lr,1_skf_4,485,18,30,27,0.914,0.909,0.474,0.964,0.6,0.942,0.529,0.487
281,lr_seed_2_skf_2_paras_22_C_100_weight_None_solver_lbfgs,lr,2_skf_2,487,16,27,30,0.923,0.908,0.526,0.968,0.652,0.947,0.583,0.545
282,lr_seed_2_skf_3_paras_22_C_100_weight_None_solver_lbfgs,lr,2_skf_3,484,19,26,31,0.92,0.913,0.544,0.962,0.62,0.949,0.579,0.537
283,lr_seed_2_skf_4_paras_22_C_100_weight_None_solver_lbfgs,lr,2_skf_4,486,17,27,30,0.921,0.924,0.526,0.966,0.638,0.947,0.577,0.537
284,lr_seed_3_skf_0_paras_22_C_100_weight_None_solver_lbfgs,lr,3_skf_0,487,16,26,31,0.925,0.919,0.544,0.968,0.66,0.949,0.596,0.558
285,lr_seed_3_skf_1_paras_22_C_100_weight_None_solver_lbfgs,lr,3_skf_1,484,19,28,29,0.916,0.899,0.509,0.962,0.604,0.945,0.552,0.509
286,lr_seed_3_skf_2_paras_22_C_100_weight_None_solver_lbfgs,lr,3_skf_2,483,20,29,28,0.912,0.919,0.491,0.96,0.583,0.943,0.533,0.488
287,lr_seed_3_skf_4_paras_22_C_100_weight_None_solver_lbfgs,lr,3_skf_4,484,19,30,27,0.912,0.899,0.474,0.962,0.587,0.942,0.524,0.48
288,lr_seed_4_skf_0_paras_22_C_100_weight_None_solver_lbfgs,lr,4_skf_0,486,17,25,32,0.925,0.919,0.561,0.966,0.653,0.951,0.604,0.565
289,lr_seed_4_skf_2_paras_22_C_100_weight_None_solver_lbfgs,lr,4_skf_2,489,14,30,27,0.921,0.922,0.474,0.972,0.659,0.942,0.551,0.518
290,lr_seed_4_skf_3_paras_22_C_100_weight_None_solver_lbfgs,lr,4_skf_3,485,18,25,32,0.923,0.907,0.561,0.964,0.64,0.951,0.598,0.557
291,lr_seed_5_skf_1_paras_22_C_100_weight_None_solver_lbfgs,lr,5_skf_1,487,16,28,29,0.921,0.887,0.509,0.968,0.644,0.946,0.569,0.531
292,lr_seed_5_skf_2_paras_22_C_100_weight_None_solver_lbfgs,lr,5_skf_2,483,20,29,28,0.912,0.918,0.491,0.96,0.583,0.943,0.533,0.488
293,lr_seed_5_skf_3_paras_22_C_100_weight_None_solver_lbfgs,lr,5_skf_3,487,16,29,28,0.92,0.922,0.491,0.968,0.636,0.944,0.554,0.516
294,lr_seed_5_skf_4_paras_22_C_100_weight_None_solver_lbfgs,lr,5_skf_4,486,17,30,27,0.916,0.915,0.474,0.966,0.614,0.942,0.535,0.494
295,lr_seed_6_skf_1_paras_22_C_100_weight_None_solver_lbfgs,lr,6_skf_1,486,17,28,29,0.92,0.914,0.509,0.966,0.63,0.946,0.563,0.523
296,lr_seed_6_skf_2_paras_22_C_100_weight_None_solver_lbfgs,lr,6_skf_2,488,15,31,26,0.918,0.911,0.456,0.97,0.634,0.94,0.531,0.495
297,lr_seed_6_skf_3_paras_22_C_100_weight_None_solver_lbfgs,lr,6_skf_3,490,13,29,28,0.925,0.922,0.491,0.974,0.683,0.944,0.571,0.54
298,lr_seed_6_skf_4_paras_22_C_100_weight_None_solver_lbfgs,lr,6_skf_4,483,20,27,30,0.916,0.906,0.526,0.96,0.6,0.947,0.561,0.516
299,lr_seed_7_skf_1_paras_22_C_100_weight_None_solver_lbfgs,lr,7_skf_1,488,15,30,27,0.92,0.91,0.474,0.97,0.643,0.942,0.545,0.51
300,lr_seed_7_skf_2_paras_22_C_100_weight_None_solver_lbfgs,lr,7_skf_2,490,13,28,29,0.927,0.927,0.509,0.974,0.69,0.946,0.586,0.554
301,lr_seed_7_skf_3_paras_22_C_100_weight_None_solver_lbfgs,lr,7_skf_3,483,20,27,30,0.916,0.906,0.526,0.96,0.6,0.947,0.561,0.516
302,lr_seed_7_skf_4_paras_22_C_100_weight_None_solver_lbfgs,lr,7_skf_4,485,18,25,32,0.923,0.915,0.561,0.964,0.64,0.951,0.598,0.557
303,lr_seed_8_skf_0_paras_22_C_100_weight_None_solver_lbfgs,lr,8_skf_0,481,22,24,33,0.918,0.912,0.579,0.956,0.6,0.952,0.589,0.544
304,lr_seed_8_skf_1_paras_22_C_100_weight_None_solver_lbfgs,lr,8_skf_1,486,17,27,30,0.921,0.916,0.526,0.966,0.638,0.947,0.577,0.537
305,lr_seed_8_skf_2_paras_22_C_100_weight_None_solver_lbfgs,lr,8_skf_2,481,22,28,29,0.911,0.917,0.509,0.956,0.569,0.945,0.537,0.489
306,lr_seed_8_skf_4_paras_22_C_100_weight_None_solver_lbfgs,lr,8_skf_4,487,16,29,28,0.92,0.923,0.491,0.968,0.636,0.944,0.554,0.516
307,lr_seed_9_skf_0_paras_22_C_100_weight_None_solver_lbfgs,lr,9_skf_0,486,17,26,31,0.923,0.927,0.544,0.966,0.646,0.949,0.59,0.551
308,lr_seed_9_skf_3_paras_22_C_100_weight_None_solver_lbfgs,lr,9_skf_3,484,19,28,29,0.916,0.909,0.509,0.962,0.604,0.945,0.552,0.509
309,lr_seed_9_skf_4_paras_22_C_100_weight_None_solver_lbfgs,lr,9_skf_4,484,19,28,29,0.916,0.916,0.509,0.962,0.604,0.945,0.552,0.509
310,lr_seed_10_skf_0_paras_22_C_100_weight_None_solver_lbfgs,lr,10_skf_0,486,17,27,30,0.921,0.907,0.526,0.966,0.638,0.947,0.577,0.537
311,lr_seed_10_skf_2_paras_22_C_100_weight_None_solver_lbfgs,lr,10_skf_2,490,13,33,24,0.918,0.919,0.421,0.974,0.649,0.937,0.511,0.481
312,lr_seed_10_skf_3_paras_22_C_100_weight_None_solver_lbfgs,lr,10_skf_3,485,18,29,28,0.916,0.91,0.491,0.964,0.609,0.944,0.544,0.502
313,lr_seed_10_skf_4_paras_22_C_100_weight_None_solver_lbfgs,lr,10_skf_4,484,19,26,31,0.92,0.907,0.544,0.962,0.62,0.949,0.579,0.537
314,lr_seed_11_skf_0_paras_22_C_100_weight_None_solver_lbfgs,lr,11_skf_0,486,17,31,26,0.914,0.919,0.456,0.966,0.605,0.94,0.52,0.48
315,lr_seed_11_skf_1_paras_22_C_100_weight_None_solver_lbfgs,lr,11_skf_1,486,17,27,30,0.921,0.916,0.526,0.966,0.638,0.947,0.577,0.537
316,lr_seed_11_skf_2_paras_22_C_100_weight_None_solver_lbfgs,lr,11_skf_2,485,18,25,32,0.923,0.915,0.561,0.964,0.64,0.951,0.598,0.557
317,lr_seed_11_skf_3_paras_22_C_100_weight_None_solver_lbfgs,lr,11_skf_3,484,19,29,28,0.914,0.914,0.491,0.962,0.596,0.943,0.538,0.494
318,lr_seed_12_skf_1_paras_22_C_100_weight_None_solver_lbfgs,lr,12_skf_1,490,13,27,30,0.929,0.922,0.526,0.974,0.698,0.948,0.6,0.568
319,lr_seed_12_skf_2_paras_22_C_100_weight_None_solver_lbfgs,lr,12_skf_2,483,20,28,29,0.914,0.901,0.509,0.96,0.592,0.945,0.547,0.502
320,lr_seed_12_skf_4_paras_22_C_100_weight_None_solver_lbfgs,lr,12_skf_4,485,18,26,31,0.921,0.913,0.544,0.964,0.633,0.949,0.585,0.544
321,lr_seed_13_skf_0_paras_22_C_100_weight_None_solver_lbfgs,lr,13_skf_0,484,19,30,27,0.912,0.918,0.474,0.962,0.587,0.942,0.524,0.48
322,lr_seed_13_skf_1_paras_22_C_100_weight_None_solver_lbfgs,lr,13_skf_1,479,24,24,33,0.914,0.902,0.579,0.952,0.579,0.952,0.579,0.531
323,lr_seed_13_skf_2_paras_22_C_100_weight_None_solver_lbfgs,lr,13_skf_2,487,16,27,30,0.923,0.923,0.526,0.968,0.652,0.947,0.583,0.545
324,lr_seed_13_skf_4_paras_22_C_100_weight_None_solver_lbfgs,lr,13_skf_4,484,19,29,28,0.914,0.902,0.491,0.962,0.596,0.943,0.538,0.494
325,lr_seed_14_skf_0_paras_22_C_100_weight_None_solver_lbfgs,lr,14_skf_0,488,15,26,31,0.927,0.91,0.544,0.97,0.674,0.949,0.602,0.566
326,lr_seed_14_skf_1_paras_22_C_100_weight_None_solver_lbfgs,lr,14_skf_1,485,18,24,33,0.925,0.914,0.579,0.964,0.647,0.953,0.611,0.571
327,lr_seed_14_skf_2_paras_22_C_100_weight_None_solver_lbfgs,lr,14_skf_2,484,19,30,27,0.912,0.898,0.474,0.962,0.587,0.942,0.524,0.48
328,lr_seed_14_skf_3_paras_22_C_100_weight_None_solver_lbfgs,lr,14_skf_3,479,24,26,31,0.911,0.925,0.544,0.952,0.564,0.949,0.554,0.504
329,lr_seed_14_skf_4_paras_22_C_100_weight_None_solver_lbfgs,lr,14_skf_4,488,15,26,31,0.927,0.899,0.544,0.97,0.674,0.949,0.602,0.566
330,lr_seed_15_skf_1_paras_22_C_100_weight_None_solver_lbfgs,lr,15_skf_1,487,16,27,30,0.923,0.913,0.526,0.968,0.652,0.947,0.583,0.545
331,lr_seed_15_skf_2_paras_22_C_100_weight_None_solver_lbfgs,lr,15_skf_2,486,17,24,33,0.927,0.936,0.579,0.966,0.66,0.953,0.617,0.578
332,lr_seed_15_skf_3_paras_22_C_100_weight_None_solver_lbfgs,lr,15_skf_3,483,20,26,31,0.918,0.915,0.544,0.96,0.608,0.949,0.574,0.53
333,lr_seed_15_skf_4_paras_22_C_100_weight_None_solver_lbfgs,lr,15_skf_4,486,17,28,29,0.92,0.905,0.509,0.966,0.63,0.946,0.563,0.523
334,lr_seed_16_skf_1_paras_22_C_100_weight_None_solver_lbfgs,lr,16_skf_1,485,18,27,30,0.92,0.926,0.526,0.964,0.625,0.947,0.571,0.53
335,lr_seed_16_skf_2_paras_22_C_100_weight_None_solver_lbfgs,lr,16_skf_2,488,15,28,29,0.923,0.911,0.509,0.97,0.659,0.946,0.574,0.538
336,lr_seed_16_skf_3_paras_22_C_100_weight_None_solver_lbfgs,lr,16_skf_3,489,14,28,29,0.925,0.918,0.509,0.972,0.674,0.946,0.58,0.546
337,lr_seed_16_skf_4_paras_22_C_100_weight_None_solver_lbfgs,lr,16_skf_4,488,15,30,27,0.92,0.907,0.474,0.97,0.643,0.942,0.545,0.51
338,lr_seed_17_skf_0_paras_22_C_100_weight_None_solver_lbfgs,lr,17_skf_0,481,22,28,29,0.911,0.908,0.509,0.956,0.569,0.945,0.537,0.489
339,lr_seed_17_skf_1_paras_22_C_100_weight_None_solver_lbfgs,lr,17_skf_1,478,25,26,31,0.909,0.906,0.544,0.95,0.554,0.948,0.549,0.498
340,lr_seed_17_skf_3_paras_22_C_100_weight_None_solver_lbfgs,lr,17_skf_3,485,18,28,29,0.918,0.926,0.509,0.964,0.617,0.945,0.558,0.516
341,lr_seed_18_skf_0_paras_22_C_100_weight_None_solver_lbfgs,lr,18_skf_0,486,17,26,31,0.923,0.925,0.544,0.966,0.646,0.949,0.59,0.551
342,lr_seed_18_skf_1_paras_22_C_100_weight_None_solver_lbfgs,lr,18_skf_1,488,15,28,29,0.923,0.905,0.509,0.97,0.659,0.946,0.574,0.538
343,lr_seed_18_skf_2_paras_22_C_100_weight_None_solver_lbfgs,lr,18_skf_2,481,22,23,34,0.92,0.931,0.596,0.956,0.607,0.954,0.602,0.557
344,lr_seed_18_skf_3_paras_22_C_100_weight_None_solver_lbfgs,lr,18_skf_3,486,17,30,27,0.916,0.91,0.474,0.966,0.614,0.942,0.535,0.494
345,lr_seed_18_skf_4_paras_22_C_100_weight_None_solver_lbfgs,lr,18_skf_4,486,17,30,27,0.916,0.887,0.474,0.966,0.614,0.942,0.535,0.494
346,lr_seed_19_skf_0_paras_22_C_100_weight_None_solver_lbfgs,lr,19_skf_0,491,12,27,30,0.93,0.917,0.526,0.976,0.714,0.948,0.606,0.577
347,lr_seed_19_skf_1_paras_22_C_100_weight_None_solver_lbfgs,lr,19_skf_1,487,16,30,27,0.918,0.91,0.474,0.968,0.628,0.942,0.54,0.502
348,lr_seed_19_skf_2_paras_22_C_100_weight_None_solver_lbfgs,lr,19_skf_2,481,22,26,31,0.914,0.913,0.544,0.956,0.585,0.949,0.564,0.517
349,lr_seed_19_skf_3_paras_22_C_100_weight_None_solver_lbfgs,lr,19_skf_3,484,19,27,30,0.918,0.927,0.526,0.962,0.612,0.947,0.566,0.523
350,knn_seed_0_skf_0_paras_0_K_3,knn,0_skf_0,483,20,27,30,0.916,0.864,0.526,0.96,0.6,0.947,0.561,0.516
351,knn_seed_0_skf_1_paras_0_K_3,knn,0_skf_1,479,24,25,32,0.912,0.853,0.561,0.952,0.571,0.95,0.566,0.518
352,knn_seed_0_skf_2_paras_0_K_3,knn,0_skf_2,481,22,25,32,0.916,0.881,0.561,0.956,0.593,0.951,0.577,0.53
353,knn_seed_0_skf_3_paras_0_K_3,knn,0_skf_3,488,15,23,34,0.932,0.854,0.596,0.97,0.694,0.955,0.642,0.606
354,knn_seed_0_skf_4_paras_0_K_3,knn,0_skf_4,481,22,26,31,0.914,0.831,0.544,0.956,0.585,0.949,0.564,0.517
355,knn_seed_1_skf_0_paras_0_K_3,knn,1_skf_0,484,19,27,30,0.918,0.836,0.526,0.962,0.612,0.947,0.566,0.523
356,knn_seed_1_skf_1_paras_0_K_3,knn,1_skf_1,483,20,23,34,0.923,0.852,0.596,0.96,0.63,0.955,0.613,0.57
357,knn_seed_1_skf_2_paras_0_K_3,knn,1_skf_2,481,22,25,32,0.916,0.873,0.561,0.956,0.593,0.951,0.577,0.53
358,knn_seed_1_skf_3_paras_0_K_3,knn,1_skf_3,476,27,24,33,0.909,0.872,0.579,0.946,0.55,0.952,0.564,0.514
359,knn_seed_1_skf_4_paras_0_K_3,knn,1_skf_4,484,19,24,33,0.923,0.856,0.579,0.962,0.635,0.953,0.606,0.564
360,knn_seed_2_skf_0_paras_0_K_3,knn,2_skf_0,483,20,23,34,0.923,0.839,0.596,0.96,0.63,0.955,0.613,0.57
361,knn_seed_2_skf_1_paras_0_K_3,knn,2_skf_1,483,20,27,30,0.916,0.868,0.526,0.96,0.6,0.947,0.561,0.516
362,knn_seed_2_skf_2_paras_0_K_3,knn,2_skf_2,482,21,25,32,0.918,0.856,0.561,0.958,0.604,0.951,0.582,0.537
363,knn_seed_2_skf_3_paras_0_K_3,knn,2_skf_3,485,18,24,33,0.925,0.842,0.579,0.964,0.647,0.953,0.611,0.571
364,knn_seed_2_skf_4_paras_0_K_3,knn,2_skf_4,483,20,23,34,0.923,0.866,0.596,0.96,0.63,0.955,0.613,0.57
365,knn_seed_3_skf_0_paras_0_K_3,knn,3_skf_0,483,20,25,32,0.92,0.841,0.561,0.96,0.615,0.951,0.587,0.543
366,knn_seed_3_skf_1_paras_0_K_3,knn,3_skf_1,482,21,22,35,0.923,0.862,0.614,0.958,0.625,0.956,0.619,0.577
367,knn_seed_3_skf_2_paras_0_K_3,knn,3_skf_2,483,20,24,33,0.921,0.866,0.579,0.96,0.623,0.953,0.6,0.557
368,knn_seed_3_skf_3_paras_0_K_3,knn,3_skf_3,479,24,25,32,0.912,0.868,0.561,0.952,0.571,0.95,0.566,0.518
369,knn_seed_3_skf_4_paras_0_K_3,knn,3_skf_4,484,19,25,32,0.921,0.858,0.561,0.962,0.627,0.951,0.593,0.55
370,knn_seed_4_skf_0_paras_0_K_3,knn,4_skf_0,482,21,23,34,0.921,0.831,0.596,0.958,0.618,0.954,0.607,0.564
371,knn_seed_4_skf_1_paras_0_K_3,knn,4_skf_1,484,19,28,29,0.916,0.843,0.509,0.962,0.604,0.945,0.552,0.509
372,knn_seed_4_skf_2_paras_0_K_3,knn,4_skf_2,481,22,26,31,0.914,0.854,0.544,0.956,0.585,0.949,0.564,0.517
373,knn_seed_4_skf_3_paras_0_K_3,knn,4_skf_3,481,22,24,33,0.918,0.884,0.579,0.956,0.6,0.952,0.589,0.544
374,knn_seed_4_skf_4_paras_0_K_3,knn,4_skf_4,482,21,21,36,0.925,0.867,0.632,0.958,0.632,0.958,0.632,0.59
375,knn_seed_5_skf_0_paras_0_K_3,knn,5_skf_0,479,24,28,29,0.907,0.858,0.509,0.952,0.547,0.945,0.527,0.476
376,knn_seed_5_skf_1_paras_0_K_3,knn,5_skf_1,483,20,29,28,0.912,0.85,0.491,0.96,0.583,0.943,0.533,0.488
377,knn_seed_5_skf_2_paras_0_K_3,knn,5_skf_2,481,22,20,37,0.925,0.858,0.649,0.956,0.627,0.96,0.638,0.596
378,knn_seed_5_skf_3_paras_0_K_3,knn,5_skf_3,485,18,22,35,0.929,0.873,0.614,0.964,0.66,0.957,0.636,0.597
379,knn_seed_5_skf_4_paras_0_K_3,knn,5_skf_4,481,22,26,31,0.914,0.853,0.544,0.956,0.585,0.949,0.564,0.517
380,knn_seed_6_skf_0_paras_0_K_3,knn,6_skf_0,483,20,25,32,0.92,0.839,0.561,0.96,0.615,0.951,0.587,0.543
381,knn_seed_6_skf_1_paras_0_K_3,knn,6_skf_1,483,20,25,32,0.92,0.842,0.561,0.96,0.615,0.951,0.587,0.543
382,knn_seed_6_skf_2_paras_0_K_3,knn,6_skf_2,487,16,21,36,0.934,0.858,0.632,0.968,0.692,0.959,0.661,0.625
383,knn_seed_6_skf_3_paras_0_K_3,knn,6_skf_3,480,23,26,31,0.912,0.845,0.544,0.954,0.574,0.949,0.559,0.51
384,knn_seed_6_skf_4_paras_0_K_3,knn,6_skf_4,484,19,22,35,0.927,0.873,0.614,0.962,0.648,0.957,0.631,0.59
385,knn_seed_7_skf_0_paras_0_K_3,knn,7_skf_0,483,20,23,34,0.923,0.857,0.596,0.96,0.63,0.955,0.613,0.57
386,knn_seed_7_skf_1_paras_0_K_3,knn,7_skf_1,479,24,28,29,0.907,0.845,0.509,0.952,0.547,0.945,0.527,0.476
387,knn_seed_7_skf_2_paras_0_K_3,knn,7_skf_2,486,17,24,33,0.927,0.868,0.579,0.966,0.66,0.953,0.617,0.578
388,knn_seed_7_skf_3_paras_0_K_3,knn,7_skf_3,480,23,25,32,0.914,0.879,0.561,0.954,0.582,0.95,0.571,0.524
389,knn_seed_7_skf_4_paras_0_K_3,knn,7_skf_4,485,18,24,33,0.925,0.857,0.579,0.964,0.647,0.953,0.611,0.571
390,knn_seed_8_skf_0_paras_0_K_3,knn,8_skf_0,474,29,24,33,0.905,0.85,0.579,0.942,0.532,0.952,0.555,0.502
391,knn_seed_8_skf_1_paras_0_K_3,knn,8_skf_1,484,19,24,33,0.923,0.885,0.579,0.962,0.635,0.953,0.606,0.564
392,knn_seed_8_skf_2_paras_0_K_3,knn,8_skf_2,480,23,27,30,0.911,0.836,0.526,0.954,0.566,0.947,0.545,0.496
393,knn_seed_8_skf_3_paras_0_K_3,knn,8_skf_3,481,22,24,33,0.918,0.848,0.579,0.956,0.6,0.952,0.589,0.544
394,knn_seed_8_skf_4_paras_0_K_3,knn,8_skf_4,482,21,24,33,0.92,0.861,0.579,0.958,0.611,0.953,0.595,0.55
395,knn_seed_9_skf_0_paras_0_K_3,knn,9_skf_0,480,23,20,37,0.923,0.88,0.649,0.954,0.617,0.96,0.632,0.59
396,knn_seed_9_skf_1_paras_0_K_3,knn,9_skf_1,486,17,25,32,0.925,0.849,0.561,0.966,0.653,0.951,0.604,0.565
397,knn_seed_9_skf_2_paras_0_K_3,knn,9_skf_2,477,26,27,30,0.905,0.852,0.526,0.948,0.536,0.946,0.531,0.478
398,knn_seed_9_skf_3_paras_0_K_3,knn,9_skf_3,484,19,26,31,0.92,0.847,0.544,0.962,0.62,0.949,0.579,0.537
399,knn_seed_9_skf_4_paras_0_K_3,knn,9_skf_4,480,23,23,34,0.918,0.863,0.596,0.954,0.596,0.954,0.596,0.551
400,knn_seed_10_skf_0_paras_0_K_3,knn,10_skf_0,483,20,24,33,0.921,0.848,0.579,0.96,0.623,0.953,0.6,0.557
401,knn_seed_10_skf_1_paras_0_K_3,knn,10_skf_1,486,17,24,33,0.927,0.877,0.579,0.966,0.66,0.953,0.617,0.578
402,knn_seed_10_skf_2_paras_0_K_3,knn,10_skf_2,481,22,27,30,0.912,0.852,0.526,0.956,0.577,0.947,0.55,0.503
403,knn_seed_10_skf_3_paras_0_K_3,knn,10_skf_3,481,22,24,33,0.918,0.868,0.579,0.956,0.6,0.952,0.589,0.544
404,knn_seed_10_skf_4_paras_0_K_3,knn,10_skf_4,480,23,26,31,0.912,0.854,0.544,0.954,0.574,0.949,0.559,0.51
405,knn_seed_11_skf_0_paras_0_K_3,knn,11_skf_0,482,21,25,32,0.918,0.863,0.561,0.958,0.604,0.951,0.582,0.537
406,knn_seed_11_skf_1_paras_0_K_3,knn,11_skf_1,480,23,23,34,0.918,0.867,0.596,0.954,0.596,0.954,0.596,0.551
407,knn_seed_11_skf_2_paras_0_K_3,knn,11_skf_2,480,23,20,37,0.923,0.861,0.649,0.954,0.617,0.96,0.632,0.59
408,knn_seed_11_skf_4_paras_0_K_3,knn,11_skf_4,486,17,25,32,0.925,0.84,0.561,0.966,0.653,0.951,0.604,0.565
409,knn_seed_12_skf_0_paras_0_K_3,knn,12_skf_0,483,20,24,33,0.921,0.868,0.579,0.96,0.623,0.953,0.6,0.557
410,knn_seed_12_skf_1_paras_0_K_3,knn,12_skf_1,483,20,23,34,0.923,0.841,0.596,0.96,0.63,0.955,0.613,0.57
411,knn_seed_12_skf_2_paras_0_K_3,knn,12_skf_2,482,21,26,31,0.916,0.836,0.544,0.958,0.596,0.949,0.569,0.523
412,knn_seed_12_skf_3_paras_0_K_3,knn,12_skf_3,480,23,23,34,0.918,0.875,0.596,0.954,0.596,0.954,0.596,0.551
413,knn_seed_12_skf_4_paras_0_K_3,knn,12_skf_4,485,18,25,32,0.923,0.851,0.561,0.964,0.64,0.951,0.598,0.557
414,knn_seed_13_skf_0_paras_0_K_3,knn,13_skf_0,483,20,25,32,0.92,0.839,0.561,0.96,0.615,0.951,0.587,0.543
415,knn_seed_13_skf_1_paras_0_K_3,knn,13_skf_1,482,21,22,35,0.923,0.851,0.614,0.958,0.625,0.956,0.619,0.577
416,knn_seed_13_skf_2_paras_0_K_3,knn,13_skf_2,485,18,24,33,0.925,0.866,0.579,0.964,0.647,0.953,0.611,0.571
417,knn_seed_13_skf_3_paras_0_K_3,knn,13_skf_3,480,23,22,35,0.92,0.874,0.614,0.954,0.603,0.956,0.609,0.564
418,knn_seed_13_skf_4_paras_0_K_3,knn,13_skf_4,479,24,25,32,0.912,0.829,0.561,0.952,0.571,0.95,0.566,0.518
419,knn_seed_14_skf_0_paras_0_K_3,knn,14_skf_0,484,19,27,30,0.918,0.838,0.526,0.962,0.612,0.947,0.566,0.523
420,knn_seed_14_skf_1_paras_0_K_3,knn,14_skf_1,481,22,23,34,0.92,0.865,0.596,0.956,0.607,0.954,0.602,0.557
421,knn_seed_14_skf_2_paras_0_K_3,knn,14_skf_2,478,25,23,34,0.914,0.854,0.596,0.95,0.576,0.954,0.586,0.539
422,knn_seed_14_skf_3_paras_0_K_3,knn,14_skf_3,478,25,22,35,0.916,0.868,0.614,0.95,0.583,0.956,0.598,0.552
423,knn_seed_14_skf_4_paras_0_K_3,knn,14_skf_4,484,19,28,29,0.916,0.846,0.509,0.962,0.604,0.945,0.552,0.509
424,knn_seed_15_skf_0_paras_0_K_3,knn,15_skf_0,481,22,27,30,0.912,0.847,0.526,0.956,0.577,0.947,0.55,0.503
425,knn_seed_15_skf_1_paras_0_K_3,knn,15_skf_1,486,17,24,33,0.927,0.86,0.579,0.966,0.66,0.953,0.617,0.578
426,knn_seed_15_skf_2_paras_0_K_3,knn,15_skf_2,485,18,20,37,0.932,0.872,0.649,0.964,0.673,0.96,0.661,0.623
427,knn_seed_15_skf_3_paras_0_K_3,knn,15_skf_3,480,23,24,33,0.916,0.868,0.579,0.954,0.589,0.952,0.584,0.537
428,knn_seed_15_skf_4_paras_0_K_3,knn,15_skf_4,482,21,26,31,0.916,0.87,0.544,0.958,0.596,0.949,0.569,0.523
429,knn_seed_16_skf_0_paras_0_K_3,knn,16_skf_0,486,17,28,29,0.92,0.821,0.509,0.966,0.63,0.946,0.563,0.523
430,knn_seed_16_skf_1_paras_0_K_3,knn,16_skf_1,482,21,25,32,0.918,0.876,0.561,0.958,0.604,0.951,0.582,0.537
431,knn_seed_16_skf_2_paras_0_K_3,knn,16_skf_2,482,21,22,35,0.923,0.869,0.614,0.958,0.625,0.956,0.619,0.577
432,knn_seed_16_skf_3_paras_0_K_3,knn,16_skf_3,482,21,23,34,0.921,0.864,0.596,0.958,0.618,0.954,0.607,0.564
433,knn_seed_16_skf_4_paras_0_K_3,knn,16_skf_4,481,22,26,31,0.914,0.862,0.544,0.956,0.585,0.949,0.564,0.517
434,knn_seed_17_skf_0_paras_0_K_3,knn,17_skf_0,484,19,25,32,0.921,0.866,0.561,0.962,0.627,0.951,0.593,0.55
435,knn_seed_17_skf_1_paras_0_K_3,knn,17_skf_1,481,22,25,32,0.916,0.849,0.561,0.956,0.593,0.951,0.577,0.53
436,knn_seed_17_skf_2_paras_0_K_3,knn,17_skf_2,482,21,23,34,0.921,0.875,0.596,0.958,0.618,0.954,0.607,0.564
437,knn_seed_17_skf_3_paras_0_K_3,knn,17_skf_3,488,15,27,30,0.925,0.84,0.526,0.97,0.667,0.948,0.588,0.552
438,knn_seed_17_skf_4_paras_0_K_3,knn,17_skf_4,480,23,24,33,0.916,0.867,0.579,0.954,0.589,0.952,0.584,0.537
439,knn_seed_18_skf_0_paras_0_K_3,knn,18_skf_0,482,21,21,36,0.925,0.867,0.632,0.958,0.632,0.958,0.632,0.59
440,knn_seed_18_skf_1_paras_0_K_3,knn,18_skf_1,486,17,24,33,0.927,0.851,0.579,0.966,0.66,0.953,0.617,0.578
441,knn_seed_18_skf_2_paras_0_K_3,knn,18_skf_2,488,15,24,33,0.93,0.869,0.579,0.97,0.688,0.953,0.629,0.593
442,knn_seed_18_skf_3_paras_0_K_3,knn,18_skf_3,480,23,27,30,0.911,0.86,0.526,0.954,0.566,0.947,0.545,0.496
443,knn_seed_19_skf_0_paras_0_K_3,knn,19_skf_0,489,14,24,33,0.932,0.861,0.579,0.972,0.702,0.953,0.635,0.601
444,knn_seed_19_skf_1_paras_0_K_3,knn,19_skf_1,483,20,26,31,0.918,0.846,0.544,0.96,0.608,0.949,0.574,0.53
445,knn_seed_19_skf_2_paras_0_K_3,knn,19_skf_2,485,18,26,31,0.921,0.831,0.544,0.964,0.633,0.949,0.585,0.544
446,knn_seed_19_skf_3_paras_0_K_3,knn,19_skf_3,483,20,23,34,0.923,0.877,0.596,0.96,0.63,0.955,0.613,0.57
447,knn_seed_19_skf_4_paras_0_K_3,knn,19_skf_4,477,26,25,32,0.909,0.878,0.561,0.948,0.552,0.95,0.557,0.506
